Address A,Address B,Packets,Bytes,Stream ID,Packets A → B,Bytes A → B,Packets B → A,Bytes B → A,Rel Start,Duration,Bits/s A → B,Bits/s B → A
"104.18.39.21","192.168.0.8",64,5056,10,32,2496,32,2560,3.778709,300.07867,66,68
"142.250.78.170","192.168.0.8",72,32571,28,38,26450,34,6121,5.346513,305.61467,692,160
"142.250.219.10","192.168.0.8",395,106766,2,223,43337,172,63429,0.151805,320.427918,1081,1583
"142.250.219.142","192.168.0.8",411,140681,0,229,33556,182,107125,0,320.195067,838,2676
"145.190.36.0","192.168.0.8",21,3456,73,9,819,12,2637,26.991273,224.735521,29,93
"151.101.177.91","192.168.0.8",28,3217,1,15,2223,13,994,1e-06,170.962458,104,46
"162.125.21.3","192.168.0.8",80,21171,77,39,8785,41,12386,28.835654,276.57036000000005,254,358
"189.53.111.34","192.168.0.8",4,295,92,2,163,2,132,100.119721,0.00010600000000238197,"",""
"192.168.0.1","224.0.0.1",2,120,93,2,120,0,0,101.56942599999999,125.03348700000001,7,0
"192.168.0.2","224.0.0.251",1,81,98,1,81,0,0,161.475449,0,"",""
"192.168.0.6","192.168.0.8",10,1358,67,4,312,6,1046,23.808217,277.949032,8,30
"192.168.0.6","224.0.0.251",9,986,68,9,986,0,0,23.845592,290.823715,27,0
"192.168.0.8","2.17.45.134",7,474,79,3,186,4,288,29.256308,29.962042,49,76
"192.168.0.8","2.17.45.171",2641,3353743,58,406,43539,2235,3310204,20.831898,173.428709,2008,152694
"192.168.0.8","2.17.166.137",341,355644,162,88,11571,253,344073,176.629461,69.958721,1323,39345
"192.168.0.8","2.17.166.151",10,1070,210,6,605,4,465,183.605772,0.2270249999999976,21319,16385
"192.168.0.8","2.18.248.240",75,39593,170,35,12181,40,27412,179.434116,66.21476100000001,1471,3311
"192.168.0.8","2.21.0.78",22,6781,177,10,2046,12,4735,179.764649,14.49595100000002,1129,2613
"192.168.0.8","2.21.0.165",212,212750,271,49,5933,163,206817,306.903188,0.44782400000002553,105988,3694612
"192.168.0.8","2.21.0.174",576,668509,4,73,7781,503,660728,0.946036,140.673486,442,37575
"192.168.0.8","2.21.84.149",377,282450,243,145,14672,232,267778,241.129268,59.42959299999998,1975,36046
"192.168.0.8","2.21.85.60",46,21362,173,17,2889,29,18473,179.71433,120.51197600000003,191,1226
"192.168.0.8","2.22.64.28",35,10396,223,17,3862,18,6534,193.47364,121.15797600000002,255,431
"192.168.0.8","3.94.89.213",25,7301,205,11,2068,14,5233,182.631856,3.9519339999999943,4186,10593
"192.168.0.8","3.161.150.65",81,26987,272,42,4839,39,22148,315.330569,1.1058329999999614,35007,160226
"192.168.0.8","3.161.150.74",27,9381,275,14,1612,13,7769,316.865336,0.424492999999984,30379,146414
"192.168.0.8","3.170.91.18",35,18282,274,16,1775,19,16507,316.506818,0.4385249999999701,32381,301136
"192.168.0.8","3.170.91.41",27,9222,276,14,1616,13,7606,317.33753,0.4227300000000014,30582,143940
"192.168.0.8","3.170.91.44",54,17054,277,29,3301,25,13753,317.690165,0.7312130000000252,36115,150467
"192.168.0.8","3.170.91.90",34,12229,280,17,1838,17,10391,318.751977,0.4684570000000008,31388,177450
"192.168.0.8","3.170.91.128",29,9448,279,15,1683,14,7765,318.352,0.49077800000003435,27433,126574
"192.168.0.8","3.174.29.15",189,150914,254,56,10324,133,140590,242.696422,58.633846999999975,1408,19182
"192.168.0.8","3.174.29.77",44,14596,257,18,6045,26,8551,242.933881,58.94644199999996,820,1160
"192.168.0.8","3.175.14.4",25,8461,236,11,2032,14,6429,194.679619,90.40527700000001,179,568
"192.168.0.8","3.175.14.16",15,1005,59,7,438,8,567,20.9221,149.656705,23,30
"192.168.0.8","3.175.14.44",38,11917,119,18,2914,20,9003,171.773006,136.70203700000002,170,526
"192.168.0.8","3.175.14.82",20,1857,37,10,728,10,1129,12.571985,240.141188,24,37
"192.168.0.8","3.175.14.106",29,11169,249,13,2636,16,8533,242.595068,58.221011000000004,362,1172
"192.168.0.8","3.210.95.152",23,8323,200,13,2934,10,5389,181.99396,6.377313000000015,3680,6760
"192.168.0.8","3.213.203.115",36,10946,246,15,4752,21,6194,241.530053,74.35346099999998,511,666
"192.168.0.8","4.228.31.150",81,21219,96,42,7282,39,13937,129.698036,166.316917,350,670
"192.168.0.8","4.228.120.46",28,12096,137,14,2308,14,9788,174.711992,9.370734999999996,1970,8356
"192.168.0.8","8.2.111.13",30,11204,213,16,4317,14,6887,184.040633,22.647906999999975,1524,2432
"192.168.0.8","8.28.7.105",31,7906,172,14,2052,17,5854,179.665875,135.97406900000001,120,344
"192.168.0.8","13.107.213.34",59,37606,147,24,3310,35,34296,175.183434,90.39252300000001,292,3035
"192.168.0.8","13.107.246.34",94,71715,95,39,6041,55,65674,113.017988,90.347557,534,5815
"192.168.0.8","15.197.193.217",35,10597,191,15,3132,20,7465,181.043826,60.38332,414,989
"192.168.0.8","17.249.252.4",8,1015,212,4,334,4,681,183.955814,0.3860960000000091,6920,14110
"192.168.0.8","18.64.236.124",28,8548,132,13,2029,15,6519,174.14916,136.01323000000002,119,383
"192.168.0.8","23.13.218.72",10,1070,32,6,605,4,465,7.926617,0.09505300000000005,50918,39136
"192.168.0.8","23.45.215.219",214,182457,125,71,7874,143,174583,172.921461,138.94668400000003,453,10051
"192.168.0.8","23.105.12.112",131,72937,155,59,13160,72,59777,175.472653,11.152173000000005,9440,42880
"192.168.0.8","23.105.14.106",29,10311,228,13,3614,16,6697,193.490686,10.772121999999996,2683,4973
"192.168.0.8","23.194.181.41",44,20353,169,20,6708,24,13645,179.428099,120.24716500000002,446,907
"192.168.0.8","23.200.83.46",1813,2224148,238,317,34060,1496,2190088,199.701978,115.71373399999999,2354,151414
"192.168.0.8","34.36.128.68",29,10590,113,15,5700,14,4890,169.695744,135.68170200000003,336,288
"192.168.0.8","34.36.137.203",34,20156,270,13,2099,21,18057,299.730582,0.7050589999999488,23816,204884
"192.168.0.8","34.49.91.78",172,65752,120,82,43827,90,21925,171.90573,136.75052499999998,2563,1282
"192.168.0.8","34.107.243.93",18,1156,40,9,538,9,618,14.532869,299.953446,14,16
"192.168.0.8","34.107.254.252",202,74079,140,90,44943,112,29136,175.014242,137.44746999999998,2615,1695
"192.168.0.8","34.111.72.164",46,16896,264,22,4172,24,12724,255.52017,46.36015299999997,719,2195
"192.168.0.8","34.111.113.62",35,10482,183,16,2603,19,7879,180.566318,136.36050500000002,152,462
"192.168.0.8","34.117.228.201",579,234157,165,284,80593,295,153564,177.227298,93.02509,6930,13206
"192.168.0.8","34.120.133.55",28,10299,128,13,2147,15,8152,173.616996,135.82703999999998,126,480
"192.168.0.8","34.120.195.249",28,2783,18,12,1449,16,1334,4.349089,294.618456,39,36
"192.168.0.8","34.149.50.64",32,12740,202,16,3914,16,8826,182.447871,135.696696,230,520
"192.168.0.8","34.160.158.95",76,52946,115,30,3397,46,49549,169.824063,149.727049,181,2647
"192.168.0.8","34.160.169.60",104,62170,118,49,24819,55,37351,171.295405,137.82162000000002,1440,2168
"192.168.0.8","35.169.6.97",36,9948,208,16,2909,20,7039,182.98475,70.799791,328,795
"192.168.0.8","35.186.224.9",596,263670,30,258,181640,338,82030,7.759487,309.924892,4688,2117
"192.168.0.8","35.186.224.24",494,137640,16,203,46365,291,91275,4.203124,304.608352,1217,2397
"192.168.0.8","35.186.224.30",471,434206,25,146,10133,325,424073,5.007518,314.46195,257,10788
"192.168.0.8","35.190.39.111",29,9454,135,13,2422,16,7032,174.444729,135.77954599999998,142,414
"192.168.0.8","35.198.17.119",161,45671,124,73,13256,88,32415,172.826119,68.43267,1549,3789
"192.168.0.8","35.198.44.170",38,16022,123,18,9929,20,6093,172.521395,65.42755,1214,745
"192.168.0.8","35.199.80.253",31,7801,122,13,2265,18,5536,172.52066,65.60916500000002,276,675
"192.168.0.8","35.211.202.130",48,14390,179,21,4204,27,10186,179.88079,136.492458,246,597
"192.168.0.8","35.211.246.180",21,7979,269,10,1907,11,6072,257.568402,10.821866999999997,1409,4488
"192.168.0.8","35.212.27.211",32,9357,192,15,2668,17,6689,181.300934,123.98911899999999,172,431
"192.168.0.8","35.214.200.229",28,7662,199,13,2183,15,5479,181.946052,1.6956089999999904,10299,25850
"192.168.0.8","35.241.9.51",26,6473,138,12,2080,14,4393,174.765232,135.863845,122,258
"192.168.0.8","35.244.153.86",20,6043,112,10,1404,10,4639,169.131245,25.649911000000003,437,1446
"192.168.0.8","35.244.154.8",48,11943,63,23,2885,25,9058,21.966389,296.178179,77,244
"192.168.0.8","40.160.28.119",30,9242,211,14,3751,16,5491,183.814427,136.70029300000002,219,321
"192.168.0.8","44.205.192.146",86,38395,166,43,24639,43,13756,177.281791,75.611965,2606,1455
"192.168.0.8","50.31.142.127",23,9160,186,12,3148,11,6012,180.571997,13.877489999999995,1814,3465
"192.168.0.8","51.8.64.151",86,38715,160,47,16993,39,21722,176.182981,131.160761,1036,1324
"192.168.0.8","52.3.192.253",26,8103,230,11,1988,15,6115,193.640649,91.19842399999999,174,536
"192.168.0.8","52.5.182.35",33,9257,225,14,2264,19,6993,193.480662,61.12487100000001,296,915
"192.168.0.8","52.7.141.89",42,15582,39,22,12514,20,3068,12.702612,284.126101,352,86
"192.168.0.8","52.67.105.58",33,8651,188,15,2460,18,6191,180.579642,60.45801900000001,325,819
"192.168.0.8","52.223.22.214",31,9976,235,14,2198,17,7778,194.115525,90.64048400000001,193,686
"192.168.0.8","54.154.23.51",71,20124,258,33,4727,38,15397,243.548698,72.88757500000003,518,1689
"192.168.0.8","54.165.159.98",35,10730,201,15,3108,20,7622,182.430066,60.486447,411,1008
"192.168.0.8","54.166.68.88",31,8844,232,12,2360,19,6484,194.051603,60.954060999999996,309,851
"192.168.0.8","54.207.248.77",31,9327,233,12,2290,19,7037,194.074103,60.46824999999998,302,931
"192.168.0.8","57.129.85.139",128,54027,156,66,30828,62,23199,175.822441,119.939356,2056,1547
"192.168.0.8","57.144.128.1",92,29403,158,45,7325,47,22078,176.084779,65.226699,898,2707
"192.168.0.8","57.144.128.128",152,133360,145,45,5027,107,128333,175.134303,65.55992500000002,613,15659
"192.168.0.8","57.144.129.32",209,195469,94,170,183758,39,11711,102.129526,66.063774,22252,1418
"192.168.0.8","57.144.165.33",86,15039,50,41,10156,45,4883,18.28446,285.147249,284,136
"192.168.0.8","64.181.162.16",48,22651,109,25,14949,23,7702,169.068529,95.636415,1250,644
"192.168.0.8","64.181.178.53",85,27649,117,40,6745,45,20904,171.039873,89.443827,603,1869
"192.168.0.8","64.202.112.159",20,7169,193,10,2084,10,5085,181.335105,13.114377999999988,1271,3101
"192.168.0.8","64.233.190.188",16,960,14,8,432,8,528,3.867617,311.838162,11,13
"192.168.0.8","68.67.153.61",37,19598,190,19,9918,18,9680,180.645208,75.78840799999998,1046,1021
"192.168.0.8","68.67.161.182",171,104828,151,100,79668,71,25160,175.289954,14.779065000000003,43124,13619
"192.168.0.8","68.67.161.208",76,39419,194,42,24279,34,15140,181.505931,11.048756999999995,17579,10962
"192.168.0.8","68.67.179.87",94,70353,178,53,40974,41,29379,179.85057,24.764791000000002,13236,9490
"192.168.0.8","68.67.179.155",58,37152,266,33,23232,25,13920,256.127131,11.302696999999966,16443,9852
"192.168.0.8","69.173.146.5",226,82374,196,94,27022,132,55352,181.784783,76.47884299999998,2826,5790
"192.168.0.8","69.173.146.10",142,48765,152,59,12906,83,35859,175.30349,16.389972,6299,17502
"192.168.0.8","69.173.156.150",68,20671,161,30,9077,38,11594,176.357282,136.53731900000002,531,679
"192.168.0.8","69.194.240.13",130,42708,204,65,8936,65,33772,182.577105,15.351554000000021,4656,17599
"192.168.0.8","69.194.242.12",54,20289,175,24,3869,30,16420,179.738097,5.799560999999983,5336,22649
"192.168.0.8","74.119.117.12",108,53750,150,57,20574,51,33176,175.282832,11.33080799999999,14526,23423
"192.168.0.8","74.119.117.13",1326,1345094,218,383,37656,943,1307438,192.719836,76.32988599999999,3946,137030
"192.168.0.8","74.119.117.21",127,50222,229,67,31790,60,18432,193.491766,84.522391,3008,1744
"192.168.0.8","74.119.117.22",27,8532,217,14,3312,13,5220,191.964637,10.680768999999998,2480,3909
"192.168.0.8","74.119.117.25",276,179954,216,122,22276,154,157678,191.960971,75.54333499999998,2359,16698
"192.168.0.8","74.119.117.37",95,28387,220,47,9055,48,19332,192.729815,75.62661499999999,957,2044
"192.168.0.8","74.119.117.39",33,9539,180,17,3637,16,5902,179.952074,11.552067999999991,2518,4087
"192.168.0.8","74.119.117.47",144,69059,133,68,9820,76,59239,174.223612,34.859252999999995,2253,13595
"192.168.0.8","74.119.117.57",89,28521,197,44,8362,45,20159,181.790125,22.677177999999998,2949,7111
"192.168.0.8","74.119.117.59",99,31481,221,51,11040,48,20441,192.730467,75.40161199999997,1171,2168
"192.168.0.8","74.119.117.61",68,20001,260,35,5857,33,14144,245.405478,22.105413000000027,2119,5118
"192.168.0.8","74.119.117.62",138,55257,127,68,14414,70,40843,173.609961,31.137237,3703,10493
"192.168.0.8","74.119.118.105",27,7203,268,13,2254,14,4949,256.990134,10.908318000000008,1653,3629
"192.168.0.8","78.46.66.204",33,9644,163,18,4260,15,5384,176.834692,120.660472,282,356
"192.168.0.8","80.77.84.209",26,7067,209,12,2301,14,4766,183.338048,60.625033,303,628
"192.168.0.8","80.77.87.166",34,10792,174,15,2497,19,8295,179.737017,30.772119000000004,649,2156
"192.168.0.8","82.145.213.8",29,10942,181,15,3373,14,7569,180.002995,72.19674800000001,373,838
"192.168.0.8","89.149.212.56",48,17815,131,22,3430,26,14385,173.910149,26.216852000000017,1046,4389
"192.168.0.8","95.100.243.143",26,9355,234,12,2121,14,7234,194.108473,3.8933779999999842,4358,14864
"192.168.0.8","95.101.92.152",672,694659,245,169,19317,503,675342,241.349179,48.576119000000006,3181,111222
"192.168.0.8","99.84.237.114",27,7678,250,12,1508,15,6170,242.631112,61.552257000000026,195,801
"192.168.0.8","104.17.108.19",398,476258,146,55,6848,343,469410,175.17978,136.07352300000002,402,27597
"192.168.0.8","104.18.27.193",22,6498,222,10,1932,12,4566,193.471445,90.77971700000003,170,402
"192.168.0.8","104.18.32.146",158,87229,139,54,9640,104,77589,174.829046,136.214319,566,4556
"192.168.0.8","104.18.37.185",22,5957,189,11,1988,11,3969,180.580331,135.763873,117,233
"192.168.0.8","104.18.65.57",23,9384,248,10,1840,13,7544,242.361462,45.53770800000004,323,1325
"192.168.0.8","104.19.220.32",102,92294,142,26,3097,76,89197,175.042474,136.72276300000001,181,5219
"192.168.0.8","104.20.23.13",24,8220,136,12,3343,12,4877,174.547418,135.66172699999998,197,287
"192.168.0.8","104.20.46.120",27,7602,259,11,2447,16,5155,244.805634,56.565630999999996,346,729
"192.168.0.8","104.36.113.107",33,12289,226,15,6222,18,6067,193.483891,91.09917499999997,546,532
"192.168.0.8","104.101.21.10",2796,3734047,62,299,37805,2497,3696242,21.490163,287.487892,1052,102856
"192.168.0.8","108.139.95.64",41,13970,256,21,2620,20,11350,242.90192,14.167715000000015,1479,6408
"192.168.0.8","108.139.113.104",27,8603,134,12,2112,15,6491,174.346237,135.32744599999998,124,383
"192.168.0.8","108.139.113.106",37,14829,168,22,5259,15,9570,178.853734,15.832154000000003,2657,4835
"192.168.0.8","108.139.113.120",136,108771,244,48,8279,88,100492,241.332172,16.23657700000001,4079,49513
"192.168.0.8","108.139.119.29",28,7666,110,14,1640,14,6026,169.090397,60.872083,215,791
"192.168.0.8","108.139.119.40",25,11868,247,13,2687,12,9181,242.261972,4.137677000000025,5195,17751
"192.168.0.8","108.139.119.89",127,134072,252,30,3309,97,130763,242.669956,45.310783000000015,584,23087
"192.168.0.8","108.139.127.3",33,23636,242,10,1798,23,21838,241.029257,45.239835,317,3861
"192.168.0.8","108.139.128.31",42,32345,251,13,1911,29,30434,242.646209,45.25728800000002,337,5379
"192.168.0.8","108.139.134.40",27,8501,143,12,1973,15,6528,175.127253,135.40230200000002,116,385
"192.168.0.8","108.177.123.154",28,9616,141,12,2828,16,6788,175.02665,136.278262,166,398
"192.168.0.8","110.238.82.182",55,17543,227,29,6136,26,11407,193.484933,63.01997,778,1448
"192.168.0.8","135.148.55.236",25,7131,206,12,2005,13,5126,182.880139,136.83521799999997,117,299
"192.168.0.8","137.131.169.173",82,23443,116,38,6680,44,16763,169.913561,90.57013900000001,590,1480
"192.168.0.8","140.238.191.76",80,38670,114,33,12660,47,26010,169.756286,65.66299800000002,1542,3168
"192.168.0.8","141.148.185.221",11,842,255,11,842,0,0,242.897475,67.02368200000001,100,0
"192.168.0.8","141.226.224.48",30,7683,184,15,2465,15,5218,180.566875,73.49088699999999,268,568
"192.168.0.8","142.250.78.161",243,136889,31,98,12998,145,123891,7.84787,295.454918,351,3354
"192.168.0.8","142.250.78.162",265,144057,130,100,16866,165,127191,173.826525,141.89997599999998,950,7170
"192.168.0.8","142.250.78.163",489,425552,24,143,34823,346,390729,5.007493,306.490665,908,10198
"192.168.0.8","142.250.78.168",26,7866,239,12,1524,14,6342,221.663303,65.39549500000001,186,775
"192.168.0.8","142.250.78.174",66,32588,56,28,7979,38,24609,20.038913,282.80852000000004,225,696
"192.168.0.8","142.250.78.193",112,46832,89,49,7024,63,39808,74.816643,210.41830099999999,267,1513
"192.168.0.8","142.250.78.194",768,543767,167,251,44234,517,499533,177.739299,124.61364499999999,2839,32069
"192.168.0.8","142.250.78.195",118,12532,7,45,4584,73,7948,2.504361,301.481289,121,210
"192.168.0.8","142.250.78.197",91,56591,71,40,8565,51,48026,26.832722,240.96189600000002,284,1594
"192.168.0.8","142.250.78.198",90,23301,262,37,6933,53,16368,246.323119,56.75010599999999,977,2307
"192.168.0.8","142.250.78.202",93,19459,35,41,12504,52,6955,11.937848,303.82921400000004,329,183
"192.168.0.8","142.250.78.206",259,127573,83,105,25777,154,101796,50.474173,248.31635999999997,830,3279
"192.168.0.8","142.250.79.161",31,12426,267,13,2413,18,10013,256.283761,45.54041599999999,423,1758
"192.168.0.8","142.250.79.164",76,17027,44,34,7648,42,9379,17.104461,296.815446,206,252
"192.168.0.8","142.250.79.170",32,5804,42,15,3857,17,1947,16.045899,282.760816,109,55
"192.168.0.8","142.250.79.187",605,627538,90,133,13856,472,613682,77.794127,241.633558,458,20317
"192.168.0.8","142.250.218.226",512,401657,102,164,47961,348,353696,168.98484,145.10743600000004,2644,19499
"192.168.0.8","142.250.218.227",24,7154,84,12,1524,12,5630,62.79188,64.334913,189,700
"192.168.0.8","142.250.218.230",15,1039,65,8,504,7,535,22.602133,149.86472799999999,26,28
"192.168.0.8","142.250.218.238",237,158170,69,93,14592,144,143578,24.452936,274.263192,425,4188
"192.168.0.8","142.250.219.2",393,204331,164,170,43892,223,160439,177.159306,142.25851100000003,2468,9022
"192.168.0.8","142.250.219.3",41,8324,11,20,2028,21,6296,3.82302,149.924084,108,335
"192.168.0.8","142.250.219.6",15,1039,17,8,504,7,535,4.213566,149.790396,26,28
"192.168.0.8","142.250.219.8",15,1039,75,8,504,7,535,28.525386,149.684411,26,28
"192.168.0.8","142.250.219.14",70,15109,51,33,6115,37,8994,18.952395,297.10403099999996,164,242
"192.168.0.8","142.250.219.33",34,12603,149,14,2455,20,10148,175.270424,135.888379,144,597
"192.168.0.8","142.250.219.34",203,74149,207,98,30721,105,43428,182.970166,136.40529399999997,1801,2546
"192.168.0.8","142.250.219.35",169,35677,74,76,8828,93,26849,28.285261,275.722821,256,779
"192.168.0.8","142.250.219.36",32,14503,240,14,4916,18,9587,239.198385,45.52269199999998,863,1684
"192.168.0.8","142.250.219.38",39,10894,219,17,3429,22,7465,192.728924,91.05408799999998,301,655
"192.168.0.8","142.250.219.40",187,149422,57,63,5003,124,144419,20.475991,295.03378,135,3915
"192.168.0.8","142.250.219.46",572,352647,60,210,40179,362,312468,21.463341,290.88944699999996,1104,8593
"192.168.0.8","142.250.219.129",183,80094,215,81,12792,102,67302,191.151081,110.63314199999999,925,4866
"192.168.0.8","142.250.219.130",185,48573,5,86,19146,99,29427,2.002344,306.46118,499,768
"192.168.0.8","142.250.219.131",27,2375,38,13,1166,14,1209,12.663668,240.252611,38,40
"192.168.0.8","142.250.219.132",651,360410,41,205,95004,446,265406,15.971276,299.010371,2541,7100
"192.168.0.8","142.250.219.138",324,307560,55,86,8045,238,299515,19.965119,291.488929,220,8220
"192.168.0.8","142.251.0.84",51,15321,66,22,9944,29,5377,23.029457,293.35985,271,146
"192.168.0.8","142.251.0.155",15,1039,64,8,504,7,535,22.537947,149.346959,26,28
"192.168.0.8","142.251.129.226",145,101114,263,55,9690,90,91424,246.363737,61.405580000000015,1262,11910
"192.168.0.8","142.251.129.234",26,7644,86,12,1524,14,6120,73.552208,61.27992200000001,198,798
"192.168.0.8","142.251.132.33",943,1100255,29,147,18821,796,1081434,6.705391,291.920119,515,29636
"192.168.0.8","142.251.132.34",71,22189,34,35,9057,36,13132,8.207568,294.434661,246,356
"192.168.0.8","142.251.132.38",46,27072,157,19,2423,27,24649,176.017247,135.83597400000002,142,1451
"192.168.0.8","142.251.132.40",1293,1419391,61,257,23090,1036,1396301,21.466746,289.230793,638,38621
"192.168.0.8","142.251.132.42",16,1105,72,8,504,8,601,26.947978,149.768016,26,32
"192.168.0.8","142.251.132.46",1440,716234,47,620,524699,820,191535,17.761808,267.52954300000005,15690,5727
"192.168.0.8","142.251.132.54",6,420,22,3,222,3,198,5.00743,0.08030500000000007,22115,19724
"192.168.0.8","142.251.132.59",57,12055,214,28,4306,29,7749,184.320111,92.10911700000003,373,673
"192.168.0.8","142.251.132.225",29,12814,88,12,1524,17,11290,74.795983,61.11355499999999,199,1477
"192.168.0.8","142.251.132.226",714,270949,153,279,55500,435,215449,175.340078,143.23031199999997,3099,12033
"192.168.0.8","142.251.132.228",44,4129,8,21,1738,23,2391,2.504363,267.638753,51,71
"192.168.0.8","142.251.132.234",73,17737,78,31,3683,42,14054,28.859072,279.42707399999995,105,402
"192.168.0.8","142.251.132.238",1809,1016880,20,767,635487,1042,381393,4.776709,316.36626,16069,9644
"192.168.0.8","144.22.166.14",145,112221,107,89,95205,56,17016,169.041762,139.982486,5440,972
"192.168.0.8","144.24.52.150",4,312,278,4,312,0,0,317.906106,3.0043269999999893,830,0
"192.168.0.8","150.171.27.10",91,34010,265,37,6375,54,27635,255.5836,58.329259000000036,874,3790
"192.168.0.8","150.171.28.10",33,2526,187,33,2526,0,0,180.579052,79.88585899999998,252,0
"192.168.0.8","151.101.129.229",25,9253,126,12,1951,13,7302,173.598947,135.573508,115,430
"192.168.0.8","151.101.178.132",24,7194,231,12,2024,12,5170,193.96333,90.666841,178,456
"192.168.0.8","151.101.178.248",74,13748,26,36,4067,38,9681,5.007628,291.72819499999997,111,265
"192.168.0.8","151.101.178.250",14,840,76,7,378,7,462,28.525387,270.54680499999995,11,13
"192.168.0.8","151.101.178.251",18,1212,23,10,636,8,576,5.007461,0.07049599999999945,72174,65365
"192.168.0.8","151.101.248.81",218,170748,241,75,10201,143,160547,240.525795,62.68405900000002,1301,20489
"192.168.0.8","151.101.249.91",160,21966,70,78,12376,82,9590,26.521563,291.483044,339,263
"192.168.0.8","151.101.249.108",46,28060,171,25,18542,21,9518,179.440145,104.705006,1416,727
"192.168.0.8","151.101.250.248",8,576,21,4,288,4,288,5.006853,0.4917929999999995,4684,4684
"192.168.0.8","151.101.250.251",28,1680,45,14,756,14,924,17.104529,271.176024,22,27
"192.168.0.8","151.101.251.42",14,840,48,7,378,7,462,18.113469,270.58214699999996,11,13
"192.168.0.8","162.19.138.120",46,10664,144,22,3416,24,7248,175.130513,7.605119999999999,3593,7624
"192.168.0.8","162.125.9.13",37,12819,91,18,2193,19,10626,84.746286,75.86087900000001,231,1120
"192.168.0.8","162.125.21.2",96,63848,49,58,53783,38,10065,18.155691,254.09405200000003,1693,316
"192.168.0.8","162.159.141.246",30,11931,176,14,2663,16,9268,179.744887,136.547843,156,542
"192.168.0.8","167.234.230.153",29,7491,121,12,2028,17,5463,171.910093,65.438184,247,667
"192.168.0.8","172.64.145.17",55,16157,159,29,7222,26,8935,176.143905,135.72423899999998,425,526
"192.168.0.8","172.64.149.23",11,3361,237,6,689,5,2672,194.836363,60.04881799999998,91,355
"192.168.0.8","172.64.152.243",427,571479,129,36,4373,391,567106,173.762632,135.96955000000003,257,33366
"192.168.0.8","172.64.153.66",64,17646,253,31,4266,33,13380,242.678382,61.48135500000001,555,1741
"192.168.0.8","172.64.155.209",33,2166,81,16,984,17,1182,41.543088,220.86062599999997,35,42
"192.168.0.8","172.66.164.11",24,7087,104,11,1855,13,5232,168.996852,135.88144900000003,109,308
"192.168.0.8","172.179.183.99",21,6579,224,10,2057,11,4522,193.477991,31.068118999999996,529,1164
"192.168.0.8","172.217.162.193",107,50239,106,42,6702,65,43537,169.007235,136.083947,393,2559
"192.168.0.8","172.217.162.194",267,102715,43,127,36996,140,65719,16.688988,301.946701,980,1741
"192.168.0.8","172.217.162.195",146,76479,87,63,9639,83,66840,74.079101,240.60198100000002,320,2222
"192.168.0.8","172.217.162.206",1980,1563541,54,591,334404,1389,1229137,19.782745,275.350022,9715,35711
"192.168.0.8","172.217.162.214",362,373474,9,71,6977,291,366497,3.004672,267.94463599999995,208,10942
"192.168.0.8","172.217.172.1",289,231899,6,99,9585,190,222314,2.504271,311.482809,246,5709
"192.168.0.8","172.217.172.2",575,317181,46,242,48393,333,268788,17.219034,297.08318399999996,1303,7238
"192.168.0.8","172.217.172.3",30,2078,53,16,1008,14,1070,18.963217,153.43228800000003,52,55
"192.168.0.8","172.217.172.4",53,14640,261,23,5023,30,9617,245.492242,56.82306600000001,707,1353
"192.168.0.8","172.217.172.8",18,7325,273,8,1248,10,6077,315.360912,0.4566070000000195,21865,106472
"192.168.0.8","172.217.172.10",224,177432,52,75,7831,149,169601,18.963118,290.42188699999997,215,4671
"192.168.0.8","181.213.132.2",1187,132978,3,652,52429,535,80549,0.809651,316.97713400000004,1323,2032
"192.168.0.8","181.213.132.3",612,68572,12,339,27558,273,41014,3.856785,313.511261,703,1046
"192.168.0.8","185.167.164.38",34,10590,185,15,2380,19,8210,180.567515,121.50668400000004,156,540
"192.168.0.8","186.192.81.16",42,13921,148,18,3080,24,10841,175.214185,14.329215000000005,1719,6052
"192.168.0.8","186.192.81.62",29,6309,111,13,1590,16,4719,169.099046,60.23230700000002,211,626
"192.168.0.8","186.192.81.117",54,31500,108,22,6219,32,25281,169.057902,64.24040099999999,774,3148
"192.168.0.8","186.192.83.2",1717,1995194,101,286,36473,1431,1958721,168.979093,67.91794199999998,4296,230716
"192.168.0.8","186.192.83.7",222,211475,99,66,28233,156,183242,168.177178,115.79034199999998,1950,12660
"192.168.0.8","186.192.91.2",162,145529,105,40,4994,122,140535,168.998173,20.973370999999986,1904,53605
"192.168.0.8","186.192.91.5",159,153567,103,38,4961,121,148606,168.986608,18.119616000000008,2190,65611
"192.168.0.8","186.192.91.9",204,182149,100,49,7567,155,174582,168.97661,86.108686,703,16219
"192.168.0.8","187.123.77.77",34848,46566243,15,3139,904724,31709,45661519,4.06321,315.60461499999997,22933,1157436
"192.168.0.8","192.132.33.69",33,12486,198,15,2429,18,10057,181.791221,31.05094299999999,625,2591
"192.168.0.8","192.168.0.1",22,7924,13,11,3962,11,3962,3.858323,307.427426,103,103
"192.168.0.8","198.41.30.195",32,9662,97,14,2220,18,7442,138.299918,66.160021,268,899
"192.168.0.8","200.152.162.189",30,10583,203,13,2662,17,7921,182.448632,115.76258599999997,183,547
"192.168.0.8","200.236.31.11",1125235,1650319864,82,28203,1904801,1097032,1648415063,42.841431,278.310792,54753,47383432
"192.168.0.8","201.65.167.141",26,14606,80,11,2935,15,11671,29.685598,0.676598000000002,34703,137996
"192.168.0.8","207.65.37.179",100,45478,154,52,28140,48,17338,175.384428,136.693889,1646,1014
"192.168.0.8","216.19.192.2",30,10457,182,14,3717,16,6740,180.19943,138.436258,214,389
"192.168.0.8","216.239.32.3",40,13101,195,19,6114,21,6987,181.652704,113.44648500000002,431,492
"192.168.0.8","216.239.34.157",26,8065,85,11,1704,15,6361,70.667124,0.668413000000001,20394,76132
"192.168.0.8","216.239.34.181",64,17622,36,30,7131,34,10491,12.56836,298.12918,191,281
"192.168.0.8","224.0.0.251",71,11519,33,71,11519,0,0,8.1754,310.47146399999997,296,0
"198.41.30.198","192.168.0.8",892,1045246,27,742,1023762,150,21484,5.32144,312.126831,26239,550
"198.41.30.254","192.168.0.8",270,111672,19,145,93792,125,17880,4.547072,312.012051,2404,458